{
    "ObjArchives": [
        {
            "archive": "archive.0/_526483_archive_1.a",
            "objects": [
                [
                    "reYIK_d.o",
                    35164
                ],
                [
                    "MvxLz_d.o",
                    20426
                ],
                [
                    "amcQwB.o",
                    106924
                ]
            ],
            "size": 162514
        }
    ],
    "Modules": {
        "...MASTER...": {
            "start_perf": [
                0.26196002960205078,
                0.073672000000000001,
                0.052352999999999997,
                212188,
                224504,
                1709476205.747082,
                48927882316198
            ],
            "child_modules": {
                "ROM_tb": 1,
                "std": 1
            },
            "end_perf": [
                0.26660513877868652,
                0.073672000000000001,
                0.056462999999999999,
                214608,
                224504,
                48927895397111,
                0,
                0
            ],
            "nRouts": 5,
            "nQuads": 0,
            "nMops": 0
        },
        "std": {
            "start_perf": [
                0.26673698425292969,
                0.073672000000000001,
                0.056596,
                214608,
                224504,
                1709476205.7518589,
                48927895708474
            ],
            "child_modules": {},
            "Compiled": "Yes",
            "Compiled Times": 1,
            "svclass": [
                "$vcs_nba_dyn_obj",
                385,
                37,
                2,
                2,
                0,
                "sigprop$$",
                385,
                37,
                2,
                2,
                0,
                "process",
                1645,
                184,
                8,
                8,
                0,
                "event",
                462,
                36,
                2,
                2,
                0,
                "mailbox",
                912,
                107,
                9,
                9,
                0,
                "semaphore",
                672,
                71,
                5,
                5,
                0
            ],
            "end_perf": [
                0.27605795860290527,
                0.081386,
                0.058132999999999997,
                218804,
                224504,
                48927921898971,
                8589934594,
                0
            ],
            "nRouts": 33,
            "nQuads": 218,
            "nMops": 472
        },
        "ROM_tb": {
            "start_perf": [
                0.27612805366516113,
                0.081425999999999998,
                0.058160999999999997,
                218804,
                224504,
                1709476205.76125,
                48927922022969
            ],
            "child_modules": {},
            "Compiled": "Yes",
            "Compiled Times": 1,
            "end_perf": [
                0.29052615165710449,
                0.088025999999999993,
                0.065061999999999995,
                219152,
                224504,
                48927962475618,
                17179869185,
                0
            ],
            "significant_routs": [
                [
                    13,
                    "R_VCSgd_MvxLz_d",
                    4783165,
                    1078,
                    189
                ],
                [
                    36,
                    "R_VCSgd_MvxLz_24",
                    3569051,
                    1048,
                    175
                ]
            ],
            "nRouts": 45,
            "nQuads": 402,
            "nMops": 881
        }
    },
    "CompUnits": {
        "MvxLz_d": {
            "mod": "ROM_tb",
            "out": "MvxLz_d.o",
            "bytes": 20426,
            "archive": "archive.0/_526483_archive_1.a",
            "text": 6298,
            "mode": 4,
            "checksum": 0
        },
        "amcQw_d": {
            "mod": "...MASTER...",
            "out": "objs/amcQw_d.o",
            "bytes": 7652,
            "text": 434,
            "mode": 4,
            "checksum": 0
        },
        "reYIK_d": {
            "mod": "std",
            "out": "reYIK_d.o",
            "cls": 4461,
            "bytes": 35164,
            "archive": "archive.0/_526483_archive_1.a",
            "text": 4742,
            "mode": 4,
            "checksum": 0
        }
    },
    "stat": {
        "ru_self_end": {
            "ru_nvcsw": 23,
            "ru_utime_sec": 0.094605999999999996,
            "ru_stime_sec": 0.065061999999999995,
            "ru_majflt": 0,
            "ru_maxrss_kb": 115128,
            "ru_minflt": 10120,
            "ru_nivcsw": 64
        },
        "ru_childs_end": {
            "ru_nvcsw": 25,
            "ru_utime_sec": 0.037527999999999999,
            "ru_stime_sec": 0.015266,
            "ru_majflt": 0,
            "ru_maxrss_kb": 106284,
            "ru_minflt": 4914,
            "ru_nivcsw": 15
        },
        "cpu_cycles_end": 48927985869959,
        "peak_mem_kb": 224504
    },
    "reusePaths": {}
}