{
    "CompileStrategy": "fullobj",
    "cycles_program_begin": 92150295534354,
    "rlimit": {
        "stack": -1,
        "data": -1
    },
    "NameTable": {
        "std": [
            "std",
            "reYIK",
            "module",
            1
        ],
        "DDS_tb": [
            "DDS_tb",
            "yRCrL",
            "module",
            2
        ],
        "...MASTER...": [
            "SIM",
            "amcQw",
            "module",
            3
        ]
    },
    "CurCompileModules": [
        "...MASTER...",
        "...MASTER...",
        "std",
        "std",
        "DDS_tb",
        "DDS_tb"
    ],
    "cpu_cycles_pass2_start": 92150981924412,
    "perf": [
        {
            "sub": [
                {
                    "sub": [],
                    "stat": [
                        "doParsingAndDesignResolution",
                        "entry",
                        0.17703390121459961,
                        0.080609,
                        0.026425000000000001,
                        209572,
                        210372,
                        0.0,
                        0.0,
                        1709552443.2828839,
                        92150701916732
                    ]
                },
                {
                    "sub": [],
                    "stat": [
                        "doParsingAndDesignResolution",
                        "exit",
                        0.18419194221496582,
                        0.084829000000000002,
                        0.028275999999999999,
                        210296,
                        210944,
                        0.0,
                        0.0,
                        1709552443.2900419,
                        92150721992590
                    ]
                },
                {
                    "sub": [
                        {
                            "sub": [],
                            "stat": [
                                "doUptoVir2VcsNoSepCleanup",
                                "entry",
                                0.19135093688964844,
                                0.089028999999999997,
                                0.028337000000000001,
                                211448,
                                211448,
                                0.0,
                                0.0,
                                1709552443.2972009,
                                92150742078568
                            ]
                        },
                        {
                            "sub": [],
                            "stat": [
                                "doUptoVir2VcsNoSepCleanup",
                                "exit",
                                0.22935700416564941,
                                0.107458,
                                0.030702,
                                212220,
                                224556,
                                0.010645999999999999,
                                0.0048719999999999996,
                                1709552443.335207,
                                92150848681636
                            ]
                        },
                        {
                            "sub": [],
                            "stat": [
                                "doRadify_vir2vcsAll",
                                "entry",
                                0.22949600219726562,
                                0.107568,
                                0.030733,
                                212220,
                                224556,
                                0.010645999999999999,
                                0.0048719999999999996,
                                1709552443.335346,
                                92150848949974
                            ]
                        },
                        {
                            "sub": [],
                            "stat": [
                                "doRadify_vir2vcsAll",
                                "exit",
                                0.23454093933105469,
                                0.108476,
                                0.034867000000000002,
                                213756,
                                224556,
                                0.010645999999999999,
                                0.0048719999999999996,
                                1709552443.3403909,
                                92150863202305
                            ]
                        }
                    ],
                    "stat": [
                        "doPostDesignResolutionToVir2Vcs",
                        "entry",
                        0.18443799018859863,
                        0.085013000000000005,
                        0.028337000000000001,
                        210296,
                        210944,
                        0.0,
                        0.0,
                        1709552443.290288,
                        92150722635753
                    ]
                },
                {
                    "sub": [],
                    "stat": [
                        "doPostDesignResolutionToVir2Vcs",
                        "exit",
                        0.23460793495178223,
                        0.108529,
                        0.034883999999999998,
                        213756,
                        224556,
                        0.010645999999999999,
                        0.0048719999999999996,
                        1709552443.3404579,
                        92150863278852
                    ]
                },
                {
                    "sub": [
                        {
                            "sub": [],
                            "stat": [
                                "DoPass2",
                                "entry",
                                0.27690696716308594,
                                0.10854900000000001,
                                0.038732000000000003,
                                212200,
                                224556,
                                0.037455000000000002,
                                0.014807000000000001,
                                1709552443.3827569,
                                92150981911929
                            ]
                        },
                        {
                            "sub": [],
                            "stat": [
                                "DoPass2",
                                "exit",
                                0.30619692802429199,
                                0.12930700000000001,
                                0.045582999999999999,
                                220480,
                                224556,
                                0.037455000000000002,
                                0.014807000000000001,
                                1709552443.4120469,
                                92151064006242
                            ]
                        }
                    ],
                    "stat": [
                        "doGAToPass2",
                        "entry",
                        0.2346339225769043,
                        0.10854900000000001,
                        0.034889999999999997,
                        213756,
                        224556,
                        0.010645999999999999,
                        0.0048719999999999996,
                        1709552443.3404839,
                        92150863337836
                    ]
                },
                {
                    "sub": [],