{
    "ObjArchives": [
        {
            "archive": "archive.0/_830946_archive_1.a",
            "size": 162038,
            "objects": [
                [
                    "reYIK_d.o",
                    35164
                ],
                [
                    "mLbZt_d.o",
                    20276
                ],
                [
                    "amcQwB.o",
                    106598
                ]
            ]
        }
    ],
    "Modules": {
        "...MASTER...": {
            "nMops": 0,
            "start_perf": [
                0.29018020629882812,
                0.095018000000000005,
                0.022623000000000001,
                212188,
                224668,
                1709640063.0228901,
                100920030873424
            ],
            "child_modules": {
                "ram_tb": 1,
                "std": 1
            },
            "end_perf": [
                0.29381418228149414,
                0.097558000000000006,
                0.023227999999999999,
                214608,
                224668,
                100920041035216,
                0,
                0
            ],
            "nQuads": 0,
            "nRouts": 5
        },
        "std": {
            "start_perf": [
                0.29387116432189941,
                0.097604999999999997,
                0.023238999999999999,
                214608,
                224668,
                1709640063.026581,
                100920041171840
            ],
            "child_modules": {},
            "svclass": [
                "$vcs_nba_dyn_obj",
                385,
                37,
                2,
                2,
                0,
                "sigprop$$",
                385,
                37,
                2,
                2,
                0,
                "process",
                1645,
                184,
                8,
                8,
                0,
                "event",
                462,
                36,
                2,
                2,
                0,
                "mailbox",
                912,
                107,
                9,
                9,
                0,
                "semaphore",
                672,
                71,
                5,
                5,
                0
            ],
            "Compiled": "Yes",
            "nQuads": 218,
            "significant_routs": [
                [
                    24,
                    "F_VCSgd_reYIK_24_0",
                    4849125,
                    990,
                    97
                ]
            ],
            "Compiled Times": 1,
            "end_perf": [
                0.3081061840057373,
                0.105619,
                0.027552,
                218808,
                224668,
                100920081120132,
                8589934594,
                0
            ],
            "nMops": 472,
            "nRouts": 33
        },
        "ram_tb": {
            "nMops": 1153,
            "start_perf": [
                0.30814313888549805,
                0.10564900000000001,
                0.027560000000000001,
                218808,
                224668,
                1709640063.040853,
                100920081172041
            ],
            "child_modules": {},
            "Compiled": "Yes",
            "nQuads": 429,
            "significant_routs": [
                [
                    9,
                    "R_VCSgd_mLbZt_9",
                    5679710,
                    1343,
                    222
                ]
            ],
            "Compiled Times": 1,
            "end_perf": [
                0.32424306869506836,
                0.110415,
                0.036804999999999997,
                220472,
                224668,
                100920126469912,
                17179869185,
                0
            ],
            "nRouts": 45
        }
    },
    "CompUnits": {
        "amcQw_d": {
            "checksum": 0,
            "mod": "...MASTER...",
            "out": "objs/amcQw_d.o",
            "mode": 4,
            "bytes": 7652,
            "text": 434
        },
        "reYIK_d": {
            "checksum": 0,
            "cls": 4461,
            "mod": "std",
            "out": "reYIK_d.o",
            "mode": 4,
            "bytes": 35164,
            "text": 4742,
            "archive": "archive.0/_830946_archive_1.a"
        },
        "mLbZt_d": {
            "checksum": 0,
            "mod": "ram_tb",
            "out": "mLbZt_d.o",
            "mode": 4,
            "bytes": 20276,
            "text": 7528,
            "archive": "archive.0/_830946_archive_1.a"
        }
    },
    "reusePaths": {},
    "stat": {
        "cpu_cycles_end": 100920141127977,
        "ru_self_end": {
            "ru_utime_sec": 0.115109,
            "ru_stime_sec": 0.037368999999999999,
            "ru_maxrss_kb": 116248,
            "ru_nivcsw": 43,
            "ru_minflt": 10423,
            "ru_majflt": 0,
            "ru_nvcsw": 39
        },
        "peak_mem_kb": 224668,
        "ru_childs_end": {
            "ru_utime_sec": 0.047213999999999999,
            "ru_stime_sec": 0.020601999999999999,
            "ru_maxrss_kb": 106396,
            "ru_nivcsw": 27,
            "ru_minflt": 5125,
            "ru_majflt": 0,
            "ru_nvcsw": 26
        }
    }
}