{
    "cycles_program_begin": 37634472301001,
    "stat": {
        "ru_self_cgstart": {
            "ru_maxrss_kb": 107328,
            "ru_utime_sec": 0.10029200000000001,
            "ru_nvcsw": 36,
            "ru_stime_sec": 0.037608999999999997,
            "ru_minflt": 8757,
            "ru_majflt": 0,
            "ru_nivcsw": 57
        },
        "ru_childs_cgstart": {
            "ru_maxrss_kb": 107328,
            "ru_utime_sec": 0.044381999999999998,
            "ru_nvcsw": 25,
            "ru_stime_sec": 0.032788999999999999,
            "ru_minflt": 4914,
            "ru_majflt": 0,
            "ru_nivcsw": 11
        },
        "cpu_cycles_total": 1019372027,
        "cpu_cycles_cgstart": 37635385066503,
        "ru_self_end": {
            "ru_maxrss_kb": 114752,
            "ru_utime_sec": 0.120189,
            "ru_nvcsw": 38,
            "ru_stime_sec": 0.049593999999999999,
            "ru_minflt": 9885,
            "ru_majflt": 0,
            "ru_nivcsw": 63
        },
        "nMops": 1457,
        "nQuads": 705,
        "CodeGen(%)": 14.133944257157781,
        "cpu_cycles_end": 37635491673028,
        "quadSpeed": 29604.434366339126,
        "totalObjSize": 125690,
        "realTime": 0.40323019027709961,
        "ru_childs_end": {
            "ru_maxrss_kb": 107328,
            "ru_utime_sec": 0.048299000000000002,
            "ru_nvcsw": 26,
            "ru_stime_sec": 0.032788999999999999,
            "ru_minflt": 5142,
            "ru_majflt": 0,
            "ru_nivcsw": 11
        },
        "mopSpeed": 61182.497690434197,
        "peak_mem_kb": 225312,
        "mop/quad": 2.0666666666666669,
        "outputSizePerQuad": 178.28368794326241,
        "Frontend(%)": 85.866055742842221
    },
    "perf": [
        {
            "sub": [
                {
                    "sub": [],
                    "stat": [
                        "doParsingAndDesignResolution",
                        "entry",
                        0.24754810333251953,
                        0.070559999999999998,
                        0.027439999999999999,
                        209572,
                        210372,
                        0.0,
                        0.0,
                        1710500857.803112,
                        37635055474447
                    ]
                },
                {
                    "sub": [],
                    "stat": [
                        "doParsingAndDesignResolution",
                        "exit",
                        0.25322818756103516,
                        0.074343999999999993,
                        0.028910999999999999,
                        209896,
                        210544,
                        0.0,
                        0.0,
                        1710500857.8087921,
                        37635071395058
                    ]
                },
                {
                    "sub": [
                        {
                            "sub": [],
                            "stat": [
                                "doUptoVir2VcsNoSepCleanup",
                                "entry",
                                0.25824117660522461,
                                0.074938000000000005,
                                0.033305000000000001,
                                211488,
                                211488,
                                0.0,
                                0.0,
                                1710500857.8138051,
                                37635085456497
                            ]
                        },
                        {
                            "sub": [],
                            "stat": [
                                "doUptoVir2VcsNoSepCleanup",
                                "exit",
                                0.30740714073181152,
                                0.096305000000000002,
                                0.033305000000000001,
                                212976,
                                225312,
                                0.015842999999999999,
                                0.010596,
                                1710500857.8629711,
                                37635223304701
                            ]
                        },
                        {
                            "sub": [],
                            "stat": [
                                "doRadify_vir2vcsAll",
                                "entry",
                                0.30749011039733887,
                                0.096390000000000003,
                                0.033305000000000001,
                                212976,
                                225312,
                                0.015842999999999999,
                                0.010596,
                                1710500857.863054,
                                37635223459524
                            ]
                        },
                        {
                            "sub": [],
                            "stat": [
                                "doRadify_vir2vcsAll",
                                "exit",
                                0.31320309638977051,
                                0.098475999999999994,
                                0.036928000000000002,
                                213936,
                                225312,
                                0.015842999999999999,
                                0.010596,
                                1710500857.868767,
                                37635239598154
                            ]
                        }
                    ],
                    "stat": [
                        "doPostDesignResolutionToVir2Vcs",
                        "entry",
                        0.25358200073242188,
                        0.074598999999999999,
                        0.029010000000000001,
                        209896,
                        210544,
                        0.0,
                        0.0,
                        1710500857.8091459,
                        37635072548594
                    ]
                },
                {
                    "sub": [],
                    "stat": [
                        "doPostDesignResolutionToVir2Vcs",
                        "exit",
                        0.31328701972961426,
                        0.098539000000000002,
                        0.036951999999999999,
                        213936,
                        225312,
                        0.015842999999999999,
                        0.010596,
                        1710500857.8688509,
                        37635239712934
                    ]
                },
                {
                    "sub": [
                        {
                            "sub": [],
                            "stat": [
                                "DoPass2",
                                "entry",
                                0.3650810718536377,
                                0.10023,
                                0.037586000000000001,
                                212380,
                                225312,
                                0.044381999999999998,
                                0.032788999999999999,
                                1710500857.920645,
                                37635384963169
                            ]
                        },
                        {
                            "sub": [],