{
    "Modules": {
        "fifo_tb": {
            "start_perf": [
                0.32248210906982422,
                0.090550000000000005,
                0.061738000000000001,
                213856,
                225312,
                1710501080.917593,
                38260484621342
            ],
            "child_modules": {},
            "Compiled": "Yes",
            "significant_routs": [
                [
                    7,
                    "R_VCSgd_fst1W_7",
                    11663240,
                    1303,
                    213
                ]
            ],
            "nQuads": 485,
            "Compiled Times": 3,
            "end_perf": [
                0.34293007850646973,
                0.10569099999999999,
                0.065041000000000002,
                217564,
                225312,
                38260541995593,
                17179869185,
                0
            ],
            "nMops": 1046,
            "nRouts": 44
        },
        "...MASTER...": {
            "start_perf": [
                0.30976009368896484,
                0.082613000000000006,
                0.061199999999999997,
                212448,
                225312,
                1710501080.904871,
                38260448969106
            ],
            "child_modules": {
                "std": 1,
                "fifo_tb": 1
            },
            "end_perf": [
                0.31745409965515137,
                0.085901000000000005,
                0.061358000000000003,
                213472,
                225312,
                38260470603202,
                0,
                0
            ],
            "nQuads": 0,
            "nMops": 0,
            "nRouts": 5
        },
        "std": {
            "start_perf": [
                0.31760811805725098,
                0.085990999999999998,
                0.061421999999999997,
                213472,
                225312,
                1710501080.912719,
                38260470986428
            ],
            "child_modules": {},
            "Compiled": "Yes",
            "nQuads": 218,
            "Compiled Times": 3,
            "svclass": [
                "$vcs_nba_dyn_obj",
                0,
                37,
                2,
                2,
                0,
                "sigprop$$",
                0,
                37,
                2,
                2,
                0,
                "process",
                0,
                184,
                8,
                8,
                0,
                "event",
                0,
                36,
                2,
                2,
                0,
                "mailbox",
                0,
                107,
                9,
                9,
                0,
                "semaphore",
                0,
                71,
                5,
                5,
                0
            ],
            "end_perf": [
                0.32240915298461914,
                0.090505000000000002,
                0.061707999999999999,
                213856,
                225312,
                38260484471164,
                8589934594,
                0
            ],
            "nMops": 472,
            "nRouts": 33
        }
    },
    "CompUnits": {
        "fst1W_d": {
            "out": "fst1W_d.o",
            "mod": "fifo_tb",
            "bytes": 20284,
            "archive": "archive.2/_340418_archive_1.a",
            "text": 7030,
            "checksum": 0,
            "mode": 4
        }
    },
    "reusePaths": {
        "amcQw_d": {
            "icPath": "csrc"
        },
        "reYIK_d": {
            "icPath": "csrc"
        }
    },
    "ObjArchives": [
        {
            "archive": "archive.2/_340418_archive_1.a",
            "objects": [
                [
                    "fst1W_d.o",
                    20284
                ],
                [
                    "amcQwB.o",
                    105902
                ]
            ],
            "size": 126186
        }
    ],
    "stat": {
        "peak_mem_kb": 225312,
        "ru_self_end": {
            "ru_minflt": 9902,
            "ru_utime_sec": 0.112553,
            "ru_stime_sec": 0.068335999999999994,
            "ru_majflt": 1,
            "ru_maxrss_kb": 115432,
            "ru_nvcsw": 43,
            "ru_nivcsw": 27
        },
        "ru_childs_end": {
            "ru_minflt": 5142,
            "ru_utime_sec": 0.054188,
            "ru_stime_sec": 0.026449,
            "ru_majflt": 0,
            "ru_maxrss_kb": 107384,
            "ru_nvcsw": 24,
            "ru_nivcsw": 16
        },
        "cpu_cycles_end": 38260570645846
    }
}