{
    "CompileStrategy": "fullobj",
    "cycles_program_begin": 25701708987254,
    "stat": {
        "ru_childs_end": {
            "ru_nvcsw": 24,
            "ru_utime_sec": 0.026894000000000001,
            "ru_stime_sec": 0.025343000000000001,
            "ru_maxrss_kb": 105948,
            "ru_majflt": 0,
            "ru_minflt": 4914,
            "ru_nivcsw": 11
        },
        "ru_self_cgstart": {
            "ru_nvcsw": 25,
            "ru_utime_sec": 0.056287999999999998,
            "ru_stime_sec": 0.051957999999999997,
            "ru_maxrss_kb": 105948,
            "ru_majflt": 0,
            "ru_minflt": 8657,
            "ru_nivcsw": 60
        },
        "cpu_cycles_cgstart": 25702446831738,
        "ru_childs_cgstart": {
            "ru_nvcsw": 24,
            "ru_utime_sec": 0.026894000000000001,
            "ru_stime_sec": 0.025343000000000001,
            "ru_maxrss_kb": 105948,
            "ru_majflt": 0,
            "ru_minflt": 4914,
            "ru_nivcsw": 11
        },
        "mopSpeed": 50436.40005723283,
        "cpu_cycles_total": 806237951,
        "ru_self_end": {
            "ru_nvcsw": 25,
            "ru_utime_sec": 0.070265999999999995,
            "ru_stime_sec": 0.061482000000000002,
            "ru_maxrss_kb": 115920,
            "ru_majflt": 0,
            "ru_minflt": 10511,
            "ru_nivcsw": 68
        },
        "cpu_cycles_end": 25702515225205,
        "nMops": 705,
        "nQuads": 335,
        "totalObjSize": 160630,
        "quadSpeed": 23966.232651309216,
        "mop/quad": 2.1044776119402986,
        "outputSizePerQuad": 479.49253731343282,
        "Frontend(%)": 85.613421160971612,
        "realTime": 0.31113100051879883,
        "CodeGen(%)": 14.386578839028397,
        "peak_mem_kb": 224444
    },
    "Misc": {
        "daidir_abs": "/home/host/.ssh/base/DPLL/sims/simv.daidir",
        "vcs_version": "O-2018.09-SP2_Full64",
        "csrc_abs": "/home/host/.ssh/base/DPLL/sims/csrc",
        "vcs_build_date": "Build Date = Feb 28 2019 22:34:30",
        "master_pid": 175658,
        "csrc": "csrc",
        "VCS_HOME": "/opt/synopsys/vcs201809",
        "hostname": "",
        "cwd": "/home/host/.ssh/base/DPLL/sims",
        "daidir": "simv.daidir",
        "default_output_dir": "csrc",
        "archive_dir": "archive.0"
    },
    "MlibObjs": {},
    "cpu_cycles_pass2_start": 25702446790472,
    "perf": [
        {
            "stat": [
                "main",
                "entry",
                0.023550987243652344,
                0.027984999999999999,
                0.032648999999999997,
                200632,
                200632,
                0.0,
                0.0,
                1709526264.365787,
                25701709261789
            ],
            "sub": [
                {
                    "stat": [
                        "doParsingAndDesignResolution",
                        "entry",
                        0.20148801803588867,
                        0.042999000000000002,
                        0.038220999999999998,
                        209572,
                        210372,
                        0.0,
                        0.0,
                        1709526264.5437241,
                        25702208079006
                    ],
                    "sub": []
                },
                {
                    "stat": [
                        "doParsingAndDesignResolution",
                        "exit",
                        0.20989894866943359,
                        0.043492000000000003,
                        0.043492000000000003,
                        209888,
                        210536,
                        0.0,
                        0.0,
                        1709526264.552135,
                        25702231650941
                    ],
                    "sub": []
                },
                {
                    "stat": [
                        "doPostDesignResolutionToVir2Vcs",
                        "entry",
                        0.21018099784851074,
                        0.043632999999999998,
                        0.043632999999999998,
                        209888,
                        210536,
                        0.0,
                        0.0,
                        1709526264.552417,
                        25702232373996
                    ],
                    "sub": [
                        {
                            "stat": [
                                "doUptoVir2VcsNoSepCleanup",
                                "entry",
                                0.21267485618591309,
                                0.046128000000000002,
                                0.043632999999999998,
                                211048,
                                211048,
                                0.0,
                                0.0,
                                1709526264.5549109,
                                25702239525544
                            ],
                            "sub": []
                        },
                        {
                            "stat": [
                                "doUptoVir2VcsNoSepCleanup",
                                "exit",
                                0.24418997764587402,
                                0.051450000000000003,
                                0.051450000000000003,
                                212108,
                                224444,
                                0.011457,
                                0.004542,
                                1709526264.586426,
                                25702327759230
                            ],
                            "sub": []
                        },
                        {
                            "stat": [
                                "doRadify_vir2vcsAll",
                                "entry",
                                0.24425601959228516,
                                0.051484000000000002,
                                0.051484000000000002,
                                212108,
                                224444,
                                0.011457,
                                0.004542,
                                1709526264.5864921,
                                25702327875389
                            ],
                            "sub": []
                        },
                        {
                            "stat": [
                                "doRadify_vir2vcsAll",
                                "exit",
                                0.24848484992980957,
                                0.055685999999999999,
                                0.051484000000000002,
                                213584,
                                224444,
                                0.011457,
                                0.004542,
                                1709526264.5907209,
                                25702339814566
                            ],
                            "sub": []
                        }
                    ]
                },
                {
                    "stat": [
                        "doPostDesignResolutionToVir2Vcs",
                        "exit",
                        0.24854207038879395,
                        0.055744000000000002,
                        0.051484000000000002,
                        213584,
                        224444,
                        0.011457,
                        0.004542,
                        1709526264.5907781,
                        25702339893080
                    ],