{
    "Modules": {
        "...MASTER...": {
            "nRouts": 5,
            "start_perf": [
                0.28688406944274902,
                0.056460999999999997,
                0.051957999999999997,
                212028,
                224444,
                1709526264.6291201,
                25702447394107
            ],
            "child_modules": {
                "std": 1,
                "Divider_1_tb": 1
            },
            "end_perf": [
                0.28928494453430176,
                0.058861999999999998,
                0.051957999999999997,
                214448,
                224444,
                25702454101738,
                0,
                0
            ],
            "nQuads": 0,
            "nMops": 0
        },
        "std": {
            "nRouts": 33,
            "start_perf": [
                0.28962898254394531,
                0.058931999999999998,
                0.051957999999999997,
                214448,
                224444,
                1709526264.631865,
                25702455162828
            ],
            "child_modules": {},
            "svclass": [
                "$vcs_nba_dyn_obj",
                385,
                37,
                2,
                2,
                0,
                "sigprop$$",
                385,
                37,
                2,
                2,
                0,
                "process",
                1645,
                184,
                8,
                8,
                0,
                "event",
                462,
                36,
                2,
                2,
                0,
                "mailbox",
                912,
                107,
                9,
                9,
                0,
                "semaphore",
                672,
                71,
                5,
                5,
                0
            ],
            "Compiled": "Yes",
            "Compiled Times": 1,
            "end_perf": [
                0.29804491996765137,
                0.066269999999999996,
                0.053016000000000001,
                218796,
                224444,
                25702478684648,
                8589934594,
                0
            ],
            "nQuads": 218,
            "nMops": 472
        },
        "Divider_1_tb": {
            "nRouts": 17,
            "start_perf": [
                0.29809284210205078,
                0.066296999999999995,
                0.053037000000000001,
                218796,
                224444,
                1709526264.6403289,
                25702478778960
            ],
            "child_modules": {},
            "Compiled": "Yes",
            "Compiled Times": 1,
            "end_perf": [
                0.30417490005493164,
                0.068876000000000007,
                0.055961999999999998,
                220460,
                224444,
                25702495935309,
                17179869185,
                0
            ],
            "nQuads": 117,
            "nMops": 233
        }
    },
    "CompUnits": {
        "amcQw_d": {
            "checksum": 0,
            "mod": "...MASTER...",
            "text": 434,
            "out": "objs/amcQw_d.o",
            "mode": 4,
            "bytes": 7660
        },
        "reYIK_d": {
            "checksum": 0,
            "mod": "std",
            "text": 4742,
            "out": "reYIK_d.o",
            "mode": 4,
            "cls": 4461,
            "bytes": 35164,
            "archive": "archive.0/_175658_archive_1.a"
        },
        "Eb120_d": {
            "checksum": 0,
            "mod": "Divider_1_tb",
            "text": 1908,
            "out": "Eb120_d.o",
            "mode": 4,
            "bytes": 11602,
            "archive": "archive.0/_175658_archive_1.a"
        }
    },
    "ObjArchives": [
        {
            "archive": "archive.0/_175658_archive_1.a",
            "size": 152970,
            "objects": [
                [
                    "reYIK_d.o",
                    35164
                ],
                [
                    "Eb120_d.o",
                    11602
                ],
                [
                    "amcQwB.o",
                    106204
                ]
            ]
        }
    ],
    "reusePaths": {},
    "stat": {
        "cpu_cycles_end": 25702514697634,
        "ru_self_end": {
            "ru_nvcsw": 25,
            "ru_utime_sec": 0.070165000000000005,
            "ru_stime_sec": 0.061393999999999997,
            "ru_maxrss_kb": 115920,
            "ru_majflt": 0,
            "ru_minflt": 10511,
            "ru_nivcsw": 68
        },
        "ru_childs_end": {
            "ru_nvcsw": 24,
            "ru_utime_sec": 0.026894000000000001,
            "ru_stime_sec": 0.025343000000000001,
            "ru_maxrss_kb": 105948,
            "ru_majflt": 0,
            "ru_minflt": 4914,
            "ru_nivcsw": 11
        },
        "peak_mem_kb": 224444
    }
}