{
    "Modules": {
        "...MASTER...": {
            "child_modules": {
                "Divider_2_tb": 1,
                "std": 1
            },
            "start_perf": [
                0.24805808067321777,
                0.068692000000000003,
                0.041978000000000001,
                211996,
                224448,
                1709523200.277688,
                17657540725158
            ],
            "end_perf": [
                0.25147104263305664,
                0.068692000000000003,
                0.045388999999999999,
                214432,
                224448,
                17657550364147,
                0,
                0
            ],
            "nQuads": 0,
            "nMops": 0,
            "nRouts": 5
        },
        "std": {
            "start_perf": [
                0.25158905982971191,
                0.068692000000000003,
                0.045509000000000001,
                214432,
                224448,
                1709523200.281219,
                17657550627880
            ],
            "significant_routs": [
                [
                    24,
                    "F_VCSgd_reYIK_24_0",
                    4872975,
                    990,
                    97
                ]
            ],
            "child_modules": {},
            "Compiled": "Yes",
            "end_perf": [
                0.26357102394104004,
                0.075438000000000005,
                0.049035000000000002,
                218800,
                224448,
                17657584274823,
                8589934594,
                0
            ],
            "Compiled Times": 1,
            "svclass": [
                "$vcs_nba_dyn_obj",
                385,
                37,
                2,
                2,
                0,
                "sigprop$$",
                385,
                37,
                2,
                2,
                0,
                "process",
                1645,
                184,
                8,
                8,
                0,
                "event",
                462,
                36,
                2,
                2,
                0,
                "mailbox",
                912,
                107,
                9,
                9,
                0,
                "semaphore",
                672,
                71,
                5,
                5,
                0
            ],
            "nQuads": 218,
            "nMops": 472,
            "nRouts": 33
        },
        "Divider_2_tb": {
            "start_perf": [
                0.26363110542297363,
                0.075475,
                0.049058999999999998,
                218800,
                224448,
                1709523200.2932611,
                17657584367057
            ],
            "significant_routs": [
                [
                    1,
                    "R_VCSgd_CTp9S_1",
                    3282195,
                    252,
                    39
                ]
            ],
            "child_modules": {},
            "Compiled": "Yes",
            "end_perf": [
                0.27253413200378418,
                0.075475,
                0.055076,
                218800,
                224448,
                17657609669391,
                17179869185,
                0
            ],
            "Compiled Times": 1,
            "nQuads": 115,
            "nMops": 221,
            "nRouts": 18
        }
    },
    "CompUnits": {
        "amcQw_d": {
            "mod": "...MASTER...",
            "text": 434,
            "out": "objs/amcQw_d.o",
            "bytes": 7660,
            "mode": 4,
            "checksum": 0
        },
        "reYIK_d": {
            "mod": "std",
            "archive": "archive.0/_115982_archive_1.a",
            "text": 4742,
            "out": "reYIK_d.o",
            "cls": 4461,
            "bytes": 35164,
            "mode": 4,
            "checksum": 0
        },
        "CTp9S_d": {
            "mod": "Divider_2_tb",
            "archive": "archive.0/_115982_archive_1.a",
            "text": 1880,
            "out": "CTp9S_d.o",
            "bytes": 11558,
            "mode": 4,
            "checksum": 0
        }
    },
    "reusePaths": {},
    "ObjArchives": [
        {
            "archive": "archive.0/_115982_archive_1.a",
            "objects": [
                [
                    "reYIK_d.o",
                    35164
                ],
                [
                    "CTp9S_d.o",
                    11558
                ],
                [
                    "amcQwB.o",
                    106204
                ]
            ],
            "size": 152926
        }
    ],
    "stat": {
        "ru_self_end": {
            "ru_nvcsw": 37,
            "ru_majflt": 0,
            "ru_utime_sec": 0.079615000000000005,
            "ru_stime_sec": 0.056868000000000002,
            "ru_maxrss_kb": 114668,
            "ru_minflt": 10071,
            "ru_nivcsw": 57
        },
        "cpu_cycles_end": 17657633188150,
        "ru_childs_end": {
            "ru_nvcsw": 26,
            "ru_majflt": 0,
            "ru_utime_sec": 0.027962999999999998,
            "ru_stime_sec": 0.023099999999999999,
            "ru_maxrss_kb": 106008,
            "ru_minflt": 4912,
            "ru_nivcsw": 39
        },
        "peak_mem_kb": 224448
    }
}